0,ID,UPLINK_MAX_THRP,ROAM_ALLOW_DIALUP,APN,SYSTEM_MODE,SIM_STATUS,SERVICE_STATUS,ROAM_STATUS,UPSTREAM_MAX_RATE,DEVICE_ID,BANDWIDTH,TAC,PROTOCOL,SIGNAL_QUALITY,SERVICE_DOMAIN,RSRP,SINR,RSSI,RSRQ,SYS_SUB_MODE,TIMESTAMP,OperatorName,PLMN,NetworkMode,ConnectedBand,DLFrequency,ULFrequency,CellID,PCI,BEST_CHANNEL,CREATED_DATE,Anomaly,Severity,Rule Triggered,Reason
1,1125900000000000.0,400961Byte/s,0,EGO,LTE,Valid,AvailableService,Normal,100000000,00E0FC-B535-235a-64YUT23B28013757,DL:20000 UL:20000,41921.0,,41,CS_PS_Capable,-100.0,6.0,-81.0,-11.0,LTE,22-06-2026 13:33,Zain Iraq,41820,LTE,1.0,21600.0,19700.0,103040279.0,230.0,,22-06-2026 13:33,No Anomaly,None,-,All measured radio parameters satisfy the configured telecom thresholds. No abnormal network behaviour was detected.
2,1125900000000000.0,81937Byte/s,0,EGO,LTE,Valid,AvailableService,Normal,100000000,00E0FC-B320-323-BPG7S23C29004550,DL:20000 UL:20000,41320.0,,35,CS_PS_Capable,-106.0,13.0,-77.0,-7.5,LTE,22-06-2026 13:33,Zain Iraq,41820,LTE,41.0,26250.0,26250.0,110903605.0,6.0,,22-06-2026 13:33,No Anomaly,None,-,All measured radio parameters satisfy the configured telecom thresholds. No abnormal network behaviour was detected.
3,1125900000000000.0,298931Byte/s,0,EGO,LTE,Valid,AvailableService,Normal,100000000,00E0FC-B535-235a-64YUT22C08004062,DL:20000 UL:20000,41926.0,,53,CS_PS_Capable,-88.0,-2.0,-70.0,-10.0,LTE,22-06-2026 13:33,Zain Iraq,41820,LTE,1.0,21600.0,19700.0,,,,22-06-2026 13:33,Critical Radio Signal Anomaly,High,"RULE-002, RULE-005, RULE-006","Multiple telecom rules were triggered simultaneously. SINR is -2.0 dB, which is below the acceptable threshold of 0 dB, indicating severe interference and degraded radio quality. Physical Cell Identity (PCI) is missing, preventing proper identification of the serving LTE cell. Serving Cell ID is missing, preventing network cell identification."
4,1125900000000000.0,144948Byte/s,0,EGO,LTE,Valid,AvailableService,Normal,100000000,00E0FC-B535-235a-64YUT23B28000678,DL:20000 UL:20000,31901.0,,61,CS_PS_Capable,-80.0,12.0,-64.0,-8.0,LTE,22-06-2026 13:33,Zain Iraq,41820,LTE,3.0,18150.0,17200.0,110517516.0,16.0,,22-06-2026 13:33,No Anomaly,None,-,All measured radio parameters satisfy the configured telecom thresholds. No abnormal network behaviour was detected.
5,1125900000000000.0,239079Byte/s,0,EGO,LTE,Valid,AvailableService,Normal,100000000,00E0FC-B535-235a-64YUT24202005150,DL:20000 UL:20000,45021.0,,65,CS_PS_Capable,-76.0,-11.0,-54.0,-14.0,LTE,22-06-2026 13:33,Zain Iraq,41820,LTE,3.0,18150.0,17200.0,111785740.0,81.0,,22-06-2026 13:33,Critical Radio Signal Anomaly,Medium,"RULE-002, RULE-004","Multiple telecom rules were triggered simultaneously. SINR is -11.0 dB, which is below the acceptable threshold of 0 dB, indicating severe interference and degraded radio quality. RSSI is -54.0 dBm, which exceeds the acceptable threshold of -55 dBm, suggesting excessive radio interference."
6,1125900000000000.0,915185Byte/s,0,EGO,LTE,Valid,AvailableService,Normal,100000000,00E0FC-B535-235a-64YUT25925004127,DL:20000 UL:20000,31301.0,,72,CS_PS_Capable,-69.0,18.0,-45.0,-4.0,LTE,22-06-2026 13:33,Zain Iraq,41820,LTE,3.0,18150.0,17200.0,110362892.0,113.0,,22-06-2026 13:33,Radio Noise Anomaly,Medium,RULE-004,"RSSI is -45.0 dBm, which exceeds the acceptable threshold of -55 dBm, suggesting excessive radio interference."
7,1125900000000000.0,123747Byte/s,0,EGO,LTE,Valid,AvailableService,Normal,100000000,00E0FC-E5586-326-2TS9K24C04015132,DL:20000 UL:20000,21305.0,,57,CS_PS_Capable,-84.0,5.0,-63.0,-12.0,LTE,22-06-2026 13:33,Zain Iraq,41820,LTE,3.0,18150.0,17200.0,110693644.0,230.0,,22-06-2026 13:33,No Anomaly,None,-,All measured radio parameters satisfy the configured telecom thresholds. No abnormal network behaviour was detected.
8,1125900000000000.0,190733Byte/s,0,EGO,LTE,Valid,AvailableService,Normal,100000000,00E0FC-B320-323-BPG7S24113010557,DL:20000 UL:20000,41901.0,,56,CS_PS_Capable,-85.0,18.0,-57.0,-7.5,LTE,22-06-2026 13:33,Zain Iraq,41820,LTE,41.0,26050.0,26050.0,110499113.0,111.0,,22-06-2026 13:33,No Anomaly,None,-,All measured radio parameters satisfy the configured telecom thresholds. No abnormal network behaviour was detected.
9,1125900000000000.0,673246Byte/s,0,EGO,LTE,Valid,AvailableService,Normal,100000000,00E0FC-E5586-326-2TS9K25607006510,DL:20000 UL:20000,41301.0,,42,CS_PS_Capable,-99.0,9.0,-72.0,-6.5,LTE,22-06-2026 13:33,Zain Iraq,41820,LTE,1.0,21600.0,19700.0,112082197.0,28.0,,22-06-2026 13:33,No Anomaly,None,-,All measured radio parameters satisfy the configured telecom thresholds. No abnormal network behaviour was detected.
10,1125900000000000.0,32005Byte/s,0,EGO,LTE,Valid,AvailableService,Normal,100000000,00E0FC-B535-235a-64YUT24208000779,DL:20000 UL:20000,31303.0,,61,CS_PS_Capable,-80.0,10.0,-51.0,-9.0,LTE,22-06-2026 13:33,Zain Iraq,41820,LTE,1.0,21600.0,19700.0,110509590.0,428.0,,22-06-2026 13:33,Radio Noise Anomaly,Medium,RULE-004,"RSSI is -51.0 dBm, which exceeds the acceptable threshold of -55 dBm, suggesting excessive radio interference."
11,1125900000000000.0,68854Byte/s,0,EGO,LTE,Valid,AvailableService,Normal,100000000,00E0FC-B320-323-BPG7S24C26000510,DL:20000 UL:20000,41325.0,,34,CS_PS_Capable,-107.0,-6.0,-72.0,-14.0,LTE,22-06-2026 13:33,Zain Iraq,41820,LTE,1.0,21600.0,19700.0,110912789.0,387.0,,22-06-2026 13:33,Radio Interference Anomaly,High,RULE-002,"SINR is -6.0 dB, which is below the acceptable threshold of 0 dB, indicating severe interference and degraded radio quality."
12,1125900000000000.0,2972272Byte/s,0,EGO,LTE,Valid,AvailableService,Normal,100000000,00E0FC-E5586-326-2TS9K24C04012078,DL:20000 UL:20000,11301.0,,62,CS_PS_Capable,-79.0,8.0,-50.0,-7.5,LTE,22-06-2026 13:33,Zain Iraq,41820,LTE,1.0,21600.0,19700.0,112494869.0,31.0,,22-06-2026 13:33,Radio Noise Anomaly,Medium,RULE-004,"RSSI is -50.0 dBm, which exceeds the acceptable threshold of -55 dBm, suggesting excessive radio interference."
13,1125900000000000.0,113326Byte/s,0,EGO,LTE,Valid,AvailableService,Normal,100000000,00E0FC-B535-235a-64YUT23B28004105,DL:20000 UL:20000,21301.0,,49,CS_PS_Capable,-92.0,-2.0,-57.0,-15.0,LTE,22-06-2026 13:33,Zain Iraq,41820,LTE,1.0,21600.0,19700.0,112382998.0,89.0,,22-06-2026 13:33,Radio Interference Anomaly,High,RULE-002,"SINR is -2.0 dB, which is below the acceptable threshold of 0 dB, indicating severe interference and degraded radio quality."
14,1125900000000000.0,169217Byte/s,0,EGO,LTE,Valid,AvailableService,Normal,100000000,00E0FC-B535-235a-64YUT24202006610,DL:15000 UL:15000,45023.0,,45,CS_PS_Capable,-96.0,-4.0,-64.0,-13.0,LTE,22-06-2026 13:33,Zain Iraq,41820,LTE,1.0,21625.0,19725.0,110205462.0,36.0,,22-06-2026 13:33,Radio Interference Anomaly,High,RULE-002,"SINR is -4.0 dB, which is below the acceptable threshold of 0 dB, indicating severe interference and degraded radio quality."
15,1125900000000000.0,178470Byte/s,0,EGO,LTE,Valid,AvailableService,Normal,100000000,00E0FC-B535-235a-64YUT22C08004015,DL:20000 UL:20000,45203.0,,36,CS_PS_Capable,-105.0,6.0,-90.0,-7.0,LTE,22-06-2026 13:33,Zain Iraq,41820,LTE,3.0,18150.0,17200.0,,,,22-06-2026 13:33,Critical Radio Signal Anomaly,Medium,"RULE-005, RULE-006","Multiple telecom rules were triggered simultaneously. Physical Cell Identity (PCI) is missing, preventing proper identification of the serving LTE cell. Serving Cell ID is missing, preventing network cell identification."
16,1125900000000000.0,736962Byte/s,0,EGO,LTE,Valid,AvailableService,Normal,100000000,00E0FC-B535-235a-64YUT25925004732,DL:20000 UL:20000,41922.0,,41,CS_PS_Capable,-100.0,7.0,-82.0,-9.0,LTE,22-06-2026 13:33,Zain Iraq,41820,LTE,1.0,21600.0,19700.0,103066646.0,214.0,,22-06-2026 13:33,No Anomaly,None,-,All measured radio parameters satisfy the configured telecom thresholds. No abnormal network behaviour was detected.
17,1125900000000000.0,187777Byte/s,0,EGO,LTE,Valid,AvailableService,Normal,100000000,00E0FC-B535-235a-64YUT25925004038,DL:20000 UL:20000,31901.0,,44,CS_PS_Capable,-97.0,-5.0,-63.0,-13.0,LTE,22-06-2026 13:33,Zain Iraq,41820,LTE,1.0,21600.0,19700.0,110675221.0,391.0,,22-06-2026 13:33,Radio Interference Anomaly,High,RULE-002,"SINR is -5.0 dB, which is below the acceptable threshold of 0 dB, indicating severe interference and degraded radio quality."
18,1125900000000000.0,211995Byte/s,0,EGO,LTE,Valid,AvailableService,Normal,100000000,00E0FC-B535-235a-64YUT24208000540,DL:20000 UL:20000,45203.0,,46,CS_PS_Capable,-95.0,4.0,-66.0,-8.0,LTE,22-06-2026 13:33,Zain Iraq,41820,LTE,1.0,21600.0,19700.0,108622873.0,314.0,,22-06-2026 13:33,No Anomaly,None,-,All measured radio parameters satisfy the configured telecom thresholds. No abnormal network behaviour was detected.
19,1125900000000000.0,188491Byte/s,0,EGO,LTE,Valid,AvailableService,Normal,100000000,00E0FC-B535-235a-64YUT24202004005,DL:20000 UL:20000,41305.0,,48,CS_PS_Capable,-93.0,6.0,-65.0,-8.0,LTE,22-06-2026 13:33,Zain Iraq,41820,LTE,1.0,21600.0,19700.0,110494998.0,291.0,,22-06-2026 13:33,No Anomaly,None,-,All measured radio parameters satisfy the configured telecom thresholds. No abnormal network behaviour was detected.
20,1125900000000000.0,1572Byte/s,0,EGO,LTE,Valid,AvailableService,Normal,100000000,00E0FC-E5586-326-2TS9K24C04007144,DL:20000 UL:20000,45029.0,,40,CS_PS_Capable,-101.0,-5.0,-71.0,-9.5,LTE,22-06-2026 13:33,Zain Iraq,41820,LTE,1.0,21600.0,19700.0,111703574.0,31.0,,22-06-2026 13:33,Radio Interference Anomaly,High,RULE-002,"SINR is -5.0 dB, which is below the acceptable threshold of 0 dB, indicating severe interference and degraded radio quality."
21,1125900000000000.0,1220495Byte/s,0,EGO,LTE,Valid,AvailableService,Normal,100000000,00E0FC-B320-323-BPG7S24829002018,DL:20000 UL:20000,45021.0,,58,CS_PS_Capable,-83.0,13.0,-68.0,-6.5,LTE,22-06-2026 13:33,Zain Iraq,41820,LTE,3.0,18150.0,17200.0,111592461.0,302.0,,22-06-2026 13:33,No Anomaly,None,-,All measured radio parameters satisfy the configured telecom thresholds. No abnormal network behaviour was detected.
22,1125900000000000.0,182973Byte/s,0,EGO,LTE,Valid,AvailableService,Normal,100000000,00E0FC-B320-323-BPG7S24113004540,DL:20000 UL:20000,41926.0,,47,CS_PS_Capable,-94.0,18.0,-78.0,-8.5,LTE,22-06-2026 13:33,Zain Iraq,41820,LTE,1.0,21600.0,19700.0,103321366.0,98.0,,22-06-2026 13:33,No Anomaly,None,-,All measured radio parameters satisfy the configured telecom thresholds. No abnormal network behaviour was detected.
23,1125900000000000.0,76791Byte/s,0,EGO,LTE,Valid,AvailableService,Normal,100000000,00E0FC-B535-235a-64YUT25925005557,DL:20000 UL:20000,41922.0,,42,CS_PS_Capable,-99.0,9.0,-82.0,-8.0,LTE,22-06-2026 13:33,Zain Iraq,41820,LTE,1.0,21600.0,19700.0,103070999.0,352.0,,22-06-2026 13:33,No Anomaly,None,-,All measured radio parameters satisfy the configured telecom thresholds. No abnormal network behaviour was detected.
24,1125900000000000.0,845953Byte/s,1,EGO,LTE,Valid,AvailableService,Normal,100000000,00E0FC-B535-235a-64YUT23B28000741,DL:20000 UL:20000,41305.0,,64,CS_PS_Capable,-77.0,-5.0,-42.0,-14.0,LTE,22-06-2026 13:33,Zain Iraq,41820,LTE,1.0,21600.0,19700.0,110525462.0,135.0,,22-06-2026 13:33,Critical Radio Signal Anomaly,Medium,"RULE-002, RULE-004","Multiple telecom rules were triggered simultaneously. SINR is -5.0 dB, which is below the acceptable threshold of 0 dB, indicating severe interference and degraded radio quality. RSSI is -42.0 dBm, which exceeds the acceptable threshold of -55 dBm, suggesting excessive radio interference."
25,1125900000000000.0,632703Byte/s,0,EGO,LTE,Valid,AvailableService,Normal,100000000,00E0FC-B535-235a-64YUT24208000441,DL:20000 UL:20000,45203.0,,46,CS_PS_Capable,-95.0,4.0,-64.0,-10.0,LTE,22-06-2026 13:33,Zain Iraq,41820,LTE,1.0,21600.0,19700.0,112033815.0,362.0,,22-06-2026 13:33,No Anomaly,None,-,All measured radio parameters satisfy the configured telecom thresholds. No abnormal network behaviour was detected.
26,1125900000000000.0,111324Byte/s,0,EGO,LTE,Valid,AvailableService,Normal,100000000,00E0FC-E5586-326-2TS9K24C04004024,DL:20000 UL:20000,31300.0,,41,CS_PS_Capable,-100.0,9.0,-73.0,-6.5,LTE,22-06-2026 13:33,Zain Iraq,41820,LTE,41.0,26050.0,26050.0,110677290.0,118.0,,22-06-2026 13:33,No Anomaly,None,-,All measured radio parameters satisfy the configured telecom thresholds. No abnormal network behaviour was detected.
27,1125900000000000.0,66428Byte/s,0,EGO,LTE,Valid,AvailableService,Normal,100000000,00E0FC-E5586-326-2TS9K24C04003644,DL:20000 UL:20000,41322.0,,46,CS_PS_Capable,-95.0,22.0,-66.0,-8.0,LTE,22-06-2026 13:33,Zain Iraq,41820,LTE,41.0,26050.0,26050.0,110854443.0,332.0,,22-06-2026 13:33,No Anomaly,None,-,All measured radio parameters satisfy the configured telecom thresholds. No abnormal network behaviour was detected.
28,1125900000000000.0,824432Byte/s,0,EGO,LTE,Valid,AvailableService,Normal,100000000,00E0FC-B535-235a-64YUT25925005466,DL:20000 UL:20000,41301.0,,78,CS_PS_Capable,-63.0,14.0,-47.0,-8.0,LTE,22-06-2026 13:33,Zain Iraq,41820,LTE,3.0,18150.0,17200.0,110355725.0,101.0,,22-06-2026 13:33,Radio Noise Anomaly,Medium,RULE-004,"RSSI is -47.0 dBm, which exceeds the acceptable threshold of -55 dBm, suggesting excessive radio interference."
29,1125900000000000.0,955477Byte/s,0,EGO,LTE,Valid,AvailableService,Normal,100000000,00E0FC-B320-323-BPG7S24904004558,DL:20000 UL:20000,31908.0,,43,CS_PS_Capable,-98.0,4.0,-67.0,-9.5,LTE,22-06-2026 13:33,Zain Iraq,41820,LTE,41.0,26050.0,26050.0,110661929.0,343.0,,22-06-2026 13:33,No Anomaly,None,-,All measured radio parameters satisfy the configured telecom thresholds. No abnormal network behaviour was detected.
30,1125900000000000.0,133997Byte/s,0,EGO,LTE,Valid,AvailableService,Normal,100000000,00E0FC-B320-323-BPG7S24829001505,DL:20000 UL:20000,45021.0,,41,CS_PS_Capable,-100.0,4.0,-62.0,-17.0,LTE,22-06-2026 13:33,Zain Iraq,41820,LTE,41.0,26600.0,26600.0,111788340.0,102.0,,22-06-2026 13:33,Poor Signal Quality Anomaly,Medium,RULE-003,"RSRQ is -17.0 dB, which is below the acceptable threshold of -15 dB, indicating poor signal quality."
31,1125900000000000.0,177445Byte/s,0,EGO,LTE,Valid,AvailableService,Normal,100000000,00E0FC-B320-323-BPG7S24829005978,DL:20000 UL:20000,41321.0,,64,CS_PS_Capable,-77.0,5.0,-48.0,-8.0,LTE,22-06-2026 13:33,Zain Iraq,41820,LTE,3.0,18150.0,17200.0,110947651.0,274.0,,22-06-2026 13:33,Radio Noise Anomaly,Medium,RULE-004,"RSSI is -48.0 dBm, which exceeds the acceptable threshold of -55 dBm, suggesting excessive radio interference."
32,1125900000000000.0,431941Byte/s,0,EGO,LTE,Valid,AvailableService,Normal,100000000,00E0FC-B320-323-BPG7S24113005303,DL:20000 UL:20000,31301.0,,61,CS_PS_Capable,-80.0,22.0,-52.0,-8.0,LTE,22-06-2026 13:33,Zain Iraq,41820,LTE,1.0,21600.0,19700.0,110448661.0,91.0,,22-06-2026 13:33,Radio Noise Anomaly,Medium,RULE-004,"RSSI is -52.0 dBm, which exceeds the acceptable threshold of -55 dBm, suggesting excessive radio interference."
33,1125900000000000.0,168901Byte/s,0,EGO,LTE,Valid,AvailableService,Normal,100000000,00E0FC-B320-323-BPG7S24127012027,DL:20000 UL:20000,41922.0,,40,CS_PS_Capable,-101.0,0.0,-79.0,-13.5,LTE,22-06-2026 13:33,Zain Iraq,41820,LTE,3.0,18150.0,17200.0,103044619.0,432.0,,22-06-2026 13:33,No Anomaly,None,-,All measured radio parameters satisfy the configured telecom thresholds. No abnormal network behaviour was detected.
34,1125900000000000.0,111153Byte/s,0,EGO,LTE,Valid,AvailableService,Normal,100000000,00E0FC-B535-235a-64YUT25925001341,DL:20000 UL:20000,45025.0,,46,CS_PS_Capable,-95.0,5.0,-76.0,-11.0,LTE,22-06-2026 13:33,Zain Iraq,41820,LTE,3.0,18150.0,17200.0,110178059.0,345.0,,22-06-2026 13:33,No Anomaly,None,-,All measured radio parameters satisfy the configured telecom thresholds. No abnormal network behaviour was detected.
35,1125900000000000.0,444567Byte/s,0,EGO,LTE,Valid,AvailableService,Normal,100000000,00E0FC-B320-323-BPG7S24829006024,DL:20000 UL:20000,35202.0,,44,CS_PS_Capable,-97.0,-3.0,-76.0,-13.5,LTE,22-06-2026 13:33,Zain Iraq,41820,LTE,1.0,21600.0,19700.0,108601673.0,249.0,,22-06-2026 13:33,Radio Interference Anomaly,High,RULE-002,"SINR is -3.0 dB, which is below the acceptable threshold of 0 dB, indicating severe interference and degraded radio quality."
36,1125900000000000.0,57821Byte/s,0,EGO,LTE,Valid,AvailableService,Normal,100000000,00E0FC-B320-323-BPG7S25213002224,DL:20000 UL:20000,45213.0,,61,CS_PS_Capable,-80.0,16.0,-47.0,-12.0,LTE,22-06-2026 13:33,Zain Iraq,41820,LTE,3.0,18150.0,17200.0,108552972.0,31.0,,22-06-2026 13:33,Radio Noise Anomaly,Medium,RULE-004,"RSSI is -47.0 dBm, which exceeds the acceptable threshold of -55 dBm, suggesting excessive radio interference."
37,1125900000000000.0,247 KB/s,0,EGO,LTE,Valid,AvailableService,Normal,11 MB/s,00E0FC-E5783-230b-4HJ7S25908002850,DL:20000 UL:20000,31901.0,,41,CS_PS_Capable,-100.0,0.0,-65.0,-13.0,LTE,22-06-2026 13:33,Zain Iraq,41820,LTE,1.0,21600.0,19700.0,112601365.0,88.0,,22-06-2026 13:33,No Anomaly,None,-,All measured radio parameters satisfy the configured telecom thresholds. No abnormal network behaviour was detected.
38,1125900000000000.0,301733Byte/s,0,EGO,LTE,Valid,AvailableService,Normal,100000000,00E0FC-B535-235a-64YUT23B28003805,DL:20000 UL:20000,31908.0,,54,CS_PS_Capable,-87.0,2.0,-58.0,-9.0,LTE,22-06-2026 13:33,Zain Iraq,41820,LTE,3.0,18150.0,17200.0,110399501.0,179.0,,22-06-2026 13:33,No Anomaly,None,-,All measured radio parameters satisfy the configured telecom thresholds. No abnormal network behaviour was detected.
39,1125900000000000.0,107571Byte/s,0,EGO,LTE,Valid,AvailableService,Normal,100000000,00E0FC-B320-323-BPG7S24127005740,DL:20000 UL:20000,31301.0,,61,CS_PS_Capable,-80.0,27.0,-53.0,-6.0,LTE,22-06-2026 13:33,Zain Iraq,41820,LTE,41.0,26250.0,26250.0,110657332.0,13.0,,22-06-2026 13:33,Radio Noise Anomaly,Medium,RULE-004,"RSSI is -53.0 dBm, which exceeds the acceptable threshold of -55 dBm, suggesting excessive radio interference."
40,1125900000000000.0,138562Byte/s,0,EGO,WCDMA,Valid,AvailableService,Normal,14400000,00E0FC-B320-323-BPG7S24127007705,,,,66,CS_PS_Capable,,,-53.0,,HSPA,22-06-2026 13:33,Zain Iraq,41820,WCDMA,,,,62901951.0,,,22-06-2026 13:33,Critical Radio Signal Anomaly,Critical,"RULE-004, RULE-005, RULE-007, RULE-008","Multiple telecom rules were triggered simultaneously. RSSI is -53.0 dBm, which exceeds the acceptable threshold of -55 dBm, suggesting excessive radio interference. Physical Cell Identity (PCI) is missing, preventing proper identification of the serving LTE cell. Connected LTE Band information is unavailable. Unexpected Network Mode 'WCDMA' detected."
41,1125900000000000.0,93407Byte/s,0,EGO,WCDMA,Valid,AvailableService,Normal,14400000,00E0FC-B320-323-BPG7S24127013727,,,,44,CS_PS_Capable,,,-52.0,,HSPA,22-06-2026 13:33,Zain Iraq,41820,WCDMA,,,,62857164.0,,,22-06-2026 13:33,Critical Radio Signal Anomaly,Critical,"RULE-004, RULE-005, RULE-007, RULE-008","Multiple telecom rules were triggered simultaneously. RSSI is -52.0 dBm, which exceeds the acceptable threshold of -55 dBm, suggesting excessive radio interference. Physical Cell Identity (PCI) is missing, preventing proper identification of the serving LTE cell. Connected LTE Band information is unavailable. Unexpected Network Mode 'WCDMA' detected."
42,1125900000000000.0,118692Byte/s,0,EGO,LTE,Valid,AvailableService,Normal,100000000,00E0FC-B535-235a-64YUT23B28015724,DL:20000 UL:20000,31303.0,,74,CS_PS_Capable,-67.0,9.0,-50.0,-8.0,LTE,22-06-2026 13:33,Zain Iraq,41820,LTE,3.0,18150.0,17200.0,110585100.0,214.0,,22-06-2026 13:33,Radio Noise Anomaly,Medium,RULE-004,"RSSI is -50.0 dBm, which exceeds the acceptable threshold of -55 dBm, suggesting excessive radio interference."
43,1125900000000000.0,47052Byte/s,0,EGO,LTE,Valid,AvailableService,Normal,100000000,00E0FC-B320-323-BPG7S24204000479,DL:20000 UL:20000,31901.0,,53,CS_PS_Capable,-88.0,14.0,-58.0,-8.5,LTE,22-06-2026 13:33,Zain Iraq,41820,LTE,1.0,21600.0,19700.0,110501653.0,78.0,,22-06-2026 13:33,No Anomaly,None,-,All measured radio parameters satisfy the configured telecom thresholds. No abnormal network behaviour was detected.
44,1125900000000000.0,211386Byte/s,0,EGO,LTE,Valid,AvailableService,Normal,100000000,00E0FC-B535-235a-64YUT23B28014962,DL:20000 UL:20000,41922.0,,65,CS_PS_Capable,-76.0,4.0,-57.0,-10.0,LTE,22-06-2026 13:33,Zain Iraq,41820,LTE,3.0,18150.0,17200.0,103044620.0,434.0,,22-06-2026 13:33,No Anomaly,None,-,All measured radio parameters satisfy the configured telecom thresholds. No abnormal network behaviour was detected.
45,1125900000000000.0,126162Byte/s,0,EGO,LTE,Valid,AvailableService,Normal,100000000,00E0FC-B320-323-BPG7S24127012405,DL:20000 UL:20000,41324.0,,43,CS_PS_Capable,-98.0,1.0,-64.0,-12.5,LTE,22-06-2026 13:33,Zain Iraq,41820,LTE,3.0,18150.0,17200.0,110888973.0,8.0,,22-06-2026 13:33,No Anomaly,None,-,All measured radio parameters satisfy the configured telecom thresholds. No abnormal network behaviour was detected.
46,1125900000000000.0,42139Byte/s,0,EGO,LTE,Valid,AvailableService,Normal,100000000,00E0FC-B320-323-BPG7S25213001262,DL:20000 UL:20000,45060.0,,36,CS_PS_Capable,-106.0,6.0,-73.0,-9.5,LTE,22-06-2026 13:33,Zain Iraq,41820,LTE,41.0,26250.0,26250.0,108948258.0,4.0,,22-06-2026 13:33,No Anomaly,None,-,All measured radio parameters satisfy the configured telecom thresholds. No abnormal network behaviour was detected.
47,1125900000000000.0,2583062Byte/s,0,EGO,LTE,Valid,AvailableService,Normal,100000000,00E0FC-B320-323-BPG7S24127007950,DL:20000 UL:20000,31901.0,,69,CS_PS_Capable,-72.0,23.0,-45.0,-7.0,LTE,22-06-2026 13:33,Zain Iraq,41820,LTE,1.0,21600.0,19700.0,110643479.0,474.0,,22-06-2026 13:33,Radio Noise Anomaly,Medium,RULE-004,"RSSI is -45.0 dBm, which exceeds the acceptable threshold of -55 dBm, suggesting excessive radio interference."
48,1125900000000000.0,1535501Byte/s,0,EGO,LTE,Valid,AvailableService,Normal,100000000,00E0FC-B535-235a-64YUT23B28002503,DL:20000 UL:20000,45203.0,,80,CS_PS_Capable,-61.0,8.0,-44.0,-9.0,LTE,22-06-2026 13:33,Zain Iraq,41820,LTE,3.0,18150.0,17200.0,108553996.0,242.0,,22-06-2026 13:33,Radio Noise Anomaly,Medium,RULE-004,"RSSI is -44.0 dBm, which exceeds the acceptable threshold of -55 dBm, suggesting excessive radio interference."
49,1125900000000000.0,85353Byte/s,0,EGO,LTE,Valid,AvailableService,Normal,100000000,00E0FC-B320-323-BPG7S25213007105,DL:20000 UL:20000,45062.0,,40,CS_PS_Capable,-101.0,-4.0,-70.0,-10.0,LTE,22-06-2026 13:33,Zain Iraq,41820,LTE,41.0,26050.0,26050.0,108871723.0,228.0,,22-06-2026 13:33,Radio Interference Anomaly,High,RULE-002,"SINR is -4.0 dB, which is below the acceptable threshold of 0 dB, indicating severe interference and degraded radio quality."
50,1125900000000000.0,1945322Byte/s,0,EGO,LTE,Valid,AvailableService,Normal,100000000,00E0FC-B320-323-BPG7S24113006338,DL:20000 UL:20000,31300.0,,58,CS_PS_Capable,-83.0,-12.0,-59.0,-15.5,LTE,22-06-2026 13:33,Zain Iraq,41820,LTE,3.0,18150.0,17200.0,112380940.0,139.0,,22-06-2026 13:33,Critical Radio Signal Anomaly,Medium,"RULE-002, RULE-003","Multiple telecom rules were triggered simultaneously. SINR is -12.0 dB, which is below the acceptable threshold of 0 dB, indicating severe interference and degraded radio quality. RSRQ is -15.5 dB, which is below the acceptable threshold of -15 dB, indicating poor signal quality."
51,1125900000000000.0,174524Byte/s,0,EGO,LTE,Valid,AvailableService,Normal,100000000,00E0FC-B320-323-BPG7S25219002432,DL:20000 UL:20000,41300.0,,48,CS_PS_Capable,-93.0,11.0,-62.0,-8.5,LTE,22-06-2026 13:33,Zain Iraq,41820,LTE,41.0,26250.0,26250.0,110394676.0,285.0,,22-06-2026 13:33,No Anomaly,None,-,All measured radio parameters satisfy the configured telecom thresholds. No abnormal network behaviour was detected.
52,1125900000000000.0,249131Byte/s,0,EGO,LTE,Valid,AvailableService,Normal,100000000,00E0FC-B535-235a-64YUT23B28017550,DL:20000 UL:20000,45063.0,,50,CS_PS_Capable,-91.0,0.0,-57.0,-12.0,LTE,22-06-2026 13:33,Zain Iraq,41820,LTE,3.0,18150.0,17200.0,109016845.0,481.0,,22-06-2026 13:33,No Anomaly,None,-,All measured radio parameters satisfy the configured telecom thresholds. No abnormal network behaviour was detected.
53,1125900000000000.0,0Byte/s,0,EGO,LTE,Valid,AvailableService,Normal,100000000,00E0FC-B320-323-BPG7S24C24000085,DL:20000 UL:20000,45027.0,,50,CS_PS_Capable,-89.0,3.0,-60.0,-8.5,LTE,22-06-2026 13:33,Zain Iraq,41820,LTE,41.0,26600.0,26600.0,112323125.0,22.0,,22-06-2026 13:33,No Anomaly,None,-,All measured radio parameters satisfy the configured telecom thresholds. No abnormal network behaviour was detected.
54,1125900000000000.0,224590Byte/s,0,EGO,LTE,Valid,AvailableService,Normal,100000000,00E0FC-B535-235a-64YUT23B28015999,DL:20000 UL:20000,31303.0,,64,CS_PS_Capable,-77.0,-4.0,-56.0,-10.0,LTE,22-06-2026 13:33,Zain Iraq,41820,LTE,3.0,18150.0,17200.0,110362123.0,218.0,,22-06-2026 13:33,Radio Interference Anomaly,High,RULE-002,"SINR is -4.0 dB, which is below the acceptable threshold of 0 dB, indicating severe interference and degraded radio quality."
55,1125900000000000.0,17601Byte/s,0,EGO,LTE,Valid,AvailableService,Normal,100000000,00E0FC-B320-323-BPG7S24204006327,DL:20000 UL:20000,51924.0,,44,CS_PS_Capable,-97.0,0.0,-76.0,-12.0,LTE,22-06-2026 13:33,Zain Iraq,41820,LTE,3.0,18150.0,17200.0,103349516.0,412.0,,22-06-2026 13:33,No Anomaly,None,-,All measured radio parameters satisfy the configured telecom thresholds. No abnormal network behaviour was detected.
56,1125900000000000.0,134030Byte/s,0,EGO,LTE,Valid,AvailableService,Normal,100000000,00E0FC-B535-235a-64YUT24202006638,DL:20000 UL:20000,45025.0,,71,CS_PS_Capable,-70.0,5.0,-55.0,-8.0,LTE,22-06-2026 13:33,Zain Iraq,41820,LTE,3.0,18150.0,17200.0,110214923.0,162.0,,22-06-2026 13:33,No Anomaly,None,-,All measured radio parameters satisfy the configured telecom thresholds. No abnormal network behaviour was detected.
57,1125900000000000.0,0Byte/s,0,EGO,LTE,Valid,AvailableService,Normal,100000000,00E0FC-B535-235a-64YUT25925004262,DL:20000 UL:20000,0.0,,31,CS_PS_Capable,-110.0,-11.0,-71.0,-19.0,LTE,22-06-2026 13:33,Zain Iraq,41820,LTE,0.0,18150.0,17200.0,110364940.0,0.0,,22-06-2026 13:33,Critical Radio Signal Anomaly,Medium,"RULE-002, RULE-003","Multiple telecom rules were triggered simultaneously. SINR is -11.0 dB, which is below the acceptable threshold of 0 dB, indicating severe interference and degraded radio quality. RSRQ is -19.0 dB, which is below the acceptable threshold of -15 dB, indicating poor signal quality."
58,1125900000000000.0,667336Byte/s,0,EGO,LTE,Valid,AvailableService,Normal,100000000,00E0FC-B535-235a-64YUT23B28018579,DL:20000 UL:20000,45021.0,,43,CS_PS_Capable,-98.0,5.0,-67.0,-11.0,LTE,22-06-2026 13:33,Zain Iraq,41820,LTE,1.0,21600.0,19700.0,111481879.0,178.0,,22-06-2026 13:33,No Anomaly,None,-,All measured radio parameters satisfy the configured telecom thresholds. No abnormal network behaviour was detected.
59,1125900000000000.0,190654Byte/s,0,EGO,LTE,Valid,AvailableService,Normal,100000000,00E0FC-E5586-326-2TS9K25607003405,DL:20000 UL:20000,41321.0,,41,CS_PS_Capable,-101.0,9.0,-69.0,-7.5,LTE,22-06-2026 13:33,Zain Iraq,41820,LTE,1.0,21600.0,19700.0,112001046.0,484.0,,22-06-2026 13:33,No Anomaly,None,-,All measured radio parameters satisfy the configured telecom thresholds. No abnormal network behaviour was detected.
60,1125900000000000.0,152890Byte/s,0,EGO,LTE,Valid,AvailableService,Normal,100000000,00E0FC-B320-323-BPG7S24C24002144,DL:20000 UL:20000,41922.0,,56,CS_PS_Capable,-85.0,20.0,-69.0,-6.5,LTE,22-06-2026 13:33,Zain Iraq,41820,LTE,1.0,21600.0,19700.0,104274967.0,107.0,,22-06-2026 13:33,No Anomaly,None,-,All measured radio parameters satisfy the configured telecom thresholds. No abnormal network behaviour was detected.
61,1125900000000000.0,816 KB/s,0,EGO,LTE,Valid,AvailableService,Normal,11 MB/s,00E0FC-B535-235a-64YUT26210007324,DL:20000 UL:20000,41301.0,,59,CS_PS_Capable,-82.0,17.0,-57.0,-5.0,LTE,22-06-2026 13:33,Zain Iraq,41820,LTE,1.0,21600.0,19700.0,110477335.0,397.0,,22-06-2026 13:33,No Anomaly,None,-,All measured radio parameters satisfy the configured telecom thresholds. No abnormal network behaviour was detected.
62,1125900000000000.0,412Byte/s,0,EGO,LTE,Valid,AvailableService,Normal,100000000,00E0FC-B535-235a-64YUT23B28003858,DL:15000 UL:15000,41922.0,,48,CS_PS_Capable,-93.0,13.0,-77.0,-8.0,LTE,22-06-2026 13:33,Zain Iraq,41820,LTE,1.0,21625.0,19725.0,103080725.0,57.0,,22-06-2026 13:33,No Anomaly,None,-,All measured radio parameters satisfy the configured telecom thresholds. No abnormal network behaviour was detected.
63,1125900000000000.0,18947Byte/s,0,EGO,LTE,Valid,AvailableService,Normal,100000000,00E0FC-B535-235a-64YUT25925005132,DL:20000 UL:20000,45212.0,,46,CS_PS_Capable,-95.0,7.0,-65.0,-10.0,LTE,22-06-2026 13:33,Zain Iraq,41820,LTE,3.0,18150.0,17200.0,109958669.0,333.0,,22-06-2026 13:33,No Anomaly,None,-,All measured radio parameters satisfy the configured telecom thresholds. No abnormal network behaviour was detected.
64,1125900000000000.0,62875Byte/s,0,EGO,LTE,Valid,AvailableService,Normal,100000000,00E0FC-B320-323-BPG7S24204008599,DL:20000 UL:20000,11300.0,,47,CS_PS_Capable,-94.0,14.0,-67.0,-6.5,LTE,22-06-2026 13:33,Zain Iraq,41820,LTE,1.0,21600.0,19700.0,110403605.0,469.0,,22-06-2026 13:33,No Anomaly,None,-,All measured radio parameters satisfy the configured telecom thresholds. No abnormal network behaviour was detected.
65,1125900000000000.0,451Byte/s,0,EGO,LTE,Valid,AvailableService,Normal,100000000,00E0FC-B320-323-BPG7S24C26002144,DL:20000 UL:20000,51924.0,,52,CS_PS_Capable,-89.0,7.0,-72.0,-7.5,LTE,22-06-2026 13:33,Zain Iraq,41820,LTE,1.0,21600.0,19700.0,103349525.0,411.0,,22-06-2026 13:33,No Anomaly,None,-,All measured radio parameters satisfy the configured telecom thresholds. No abnormal network behaviour was detected.
66,1125900000000000.0,148414Byte/s,0,EGO,LTE,Valid,AvailableService,Normal,100000000,00E0FC-E5586-326-2TS9K24C04009344,DL:20000 UL:20000,41322.0,,31,CS_PS_Capable,-110.0,-2.0,-73.0,-15.0,LTE,22-06-2026 13:33,Zain Iraq,41820,LTE,3.0,18150.0,17200.0,110854412.0,331.0,,22-06-2026 13:33,Radio Interference Anomaly,High,RULE-002,"SINR is -2.0 dB, which is below the acceptable threshold of 0 dB, indicating severe interference and degraded radio quality."
67,1125900000000000.0,257279Byte/s,0,EGO,LTE,Valid,AvailableService,Normal,100000000,00E0FC-B535-235a-64YUT23B28003724,DL:20000 UL:20000,31303.0,,64,CS_PS_Capable,-77.0,13.0,-62.0,-6.0,LTE,22-06-2026 13:33,Zain Iraq,41820,LTE,3.0,18150.0,17200.0,110585099.0,213.0,,22-06-2026 13:33,No Anomaly,None,-,All measured radio parameters satisfy the configured telecom thresholds. No abnormal network behaviour was detected.
68,1125900000000000.0,178636Byte/s,0,EGO,LTE,Valid,AvailableService,Normal,100000000,00E0FC-B320-323-BPG7S24204009410,DL:20000 UL:20000,21301.0,,61,CS_PS_Capable,-80.0,2.0,-50.0,-9.0,LTE,22-06-2026 13:33,Zain Iraq,41820,LTE,1.0,21600.0,19700.0,112088597.0,103.0,,22-06-2026 13:33,Radio Noise Anomaly,Medium,RULE-004,"RSSI is -50.0 dBm, which exceeds the acceptable threshold of -55 dBm, suggesting excessive radio interference."
69,1125900000000000.0,350197Byte/s,0,EGO,LTE,Valid,AvailableService,Normal,100000000,00E0FC-B320-323-BPG7S24127003144,DL:20000 UL:20000,41324.0,,44,CS_PS_Capable,-97.0,17.0,-67.0,-9.5,LTE,22-06-2026 13:33,Zain Iraq,41820,LTE,41.0,26050.0,26050.0,110878249.0,6.0,,22-06-2026 13:33,No Anomaly,None,-,All measured radio parameters satisfy the configured telecom thresholds. No abnormal network behaviour was detected.
70,1125900000000000.0,111206Byte/s,0,EGO,LTE,Valid,AvailableService,Normal,100000000,00E0FC-B320-323-BPG7S24113004218,DL:20000 UL:20000,41321.0,,40,CS_PS_Capable,-99.0,-1.0,-65.0,-14.5,LTE,22-06-2026 13:33,Zain Iraq,41820,LTE,1.0,21600.0,19700.0,110907413.0,187.0,,22-06-2026 13:33,Radio Interference Anomaly,High,RULE-002,"SINR is -1.0 dB, which is below the acceptable threshold of 0 dB, indicating severe interference and degraded radio quality."
71,1125900000000000.0,221679Byte/s,0,EGO,LTE,Valid,AvailableService,Normal,100000000,00E0FC-B320-323-BPG7S23C29008736,DL:20000 UL:20000,31300.0,,64,CS_PS_Capable,-77.0,15.0,-49.0,-7.0,LTE,22-06-2026 13:33,Zain Iraq,41820,LTE,41.0,26050.0,26050.0,111829290.0,36.0,,22-06-2026 13:33,Radio Noise Anomaly,Medium,RULE-004,"RSSI is -49.0 dBm, which exceeds the acceptable threshold of -55 dBm, suggesting excessive radio interference."
72,1125900000000000.0,136869Byte/s,0,EGO,LTE,Valid,AvailableService,Normal,100000000,00E0FC-B320-323-BPG7S24127004705,DL:20000 UL:20000,21305.0,,48,CS_PS_Capable,-93.0,22.0,-65.0,-5.0,LTE,22-06-2026 13:33,Zain Iraq,41820,LTE,41.0,26250.0,26250.0,110404915.0,234.0,,22-06-2026 13:33,No Anomaly,None,-,All measured radio parameters satisfy the configured telecom thresholds. No abnormal network behaviour was detected.
73,1125900000000000.0,106951Byte/s,0,EGO,LTE,Valid,AvailableService,Normal,100000000,00E0FC-B535-235a-64YUT22C08007918,DL:20000 UL:20000,21901.0,,49,CS_PS_Capable,-92.0,12.0,-73.0,-10.0,LTE,22-06-2026 13:33,Zain Iraq,41820,LTE,3.0,18150.0,17200.0,,,,22-06-2026 13:33,Critical Radio Signal Anomaly,Medium,"RULE-005, RULE-006","Multiple telecom rules were triggered simultaneously. Physical Cell Identity (PCI) is missing, preventing proper identification of the serving LTE cell. Serving Cell ID is missing, preventing network cell identification."
74,1125900000000000.0,81384Byte/s,0,EGO,LTE,Valid,AvailableService,Normal,100000000,00E0FC-B535-235a-64YUT23B28008527,DL:20000 UL:20000,45212.0,,52,CS_PS_Capable,-89.0,14.0,-69.0,-12.0,LTE,22-06-2026 13:33,Zain Iraq,41820,LTE,3.0,18150.0,17200.0,108569357.0,258.0,,22-06-2026 13:33,No Anomaly,None,-,All measured radio parameters satisfy the configured telecom thresholds. No abnormal network behaviour was detected.
75,1125900000000000.0,74743Byte/s,0,EGO,LTE,Valid,AvailableService,Normal,100000000,00E0FC-E5586-326-2TS9K25607002441,DL:20000 UL:20000,41901.0,,58,CS_PS_Capable,-85.0,-2.0,-50.0,-14.0,LTE,22-06-2026 13:33,Zain Iraq,41820,LTE,41.0,26250.0,26250.0,110498869.0,102.0,,22-06-2026 13:33,Critical Radio Signal Anomaly,Medium,"RULE-002, RULE-004","Multiple telecom rules were triggered simultaneously. SINR is -2.0 dB, which is below the acceptable threshold of 0 dB, indicating severe interference and degraded radio quality. RSSI is -50.0 dBm, which exceeds the acceptable threshold of -55 dBm, suggesting excessive radio interference."
76,1125900000000000.0,199947Byte/s,0,EGO,LTE,Valid,AvailableService,Normal,100000000,00E0FC-B320-323-BPG7S24113000475,DL:20000 UL:20000,41324.0,,51,CS_PS_Capable,-90.0,25.0,-62.0,-7.5,LTE,22-06-2026 13:33,Zain Iraq,41820,LTE,41.0,26250.0,26250.0,110906163.0,75.0,,22-06-2026 13:33,No Anomaly,None,-,All measured radio parameters satisfy the configured telecom thresholds. No abnormal network behaviour was detected.
77,1125900000000000.0,159432Byte/s,0,EGO,LTE,Valid,AvailableService,Normal,100000000,00E0FC-B320-323-BPG7S24113011341,DL:20000 UL:20000,45204.0,,61,CS_PS_Capable,-80.0,0.0,-52.0,-10.0,LTE,22-06-2026 13:33,Zain Iraq,41820,LTE,3.0,18150.0,17200.0,108603148.0,249.0,,22-06-2026 13:33,Radio Noise Anomaly,Medium,RULE-004,"RSSI is -52.0 dBm, which exceeds the acceptable threshold of -55 dBm, suggesting excessive radio interference."
78,1125900000000000.0,146749Byte/s,0,EGO,LTE,Valid,AvailableService,Normal,100000000,00E0FC-B535-235a-64YUT23B28005940,DL:20000 UL:20000,45029.0,,51,CS_PS_Capable,-90.0,-2.0,-70.0,-13.0,LTE,22-06-2026 13:33,Zain Iraq,41820,LTE,3.0,18150.0,17200.0,110170893.0,282.0,,22-06-2026 13:33,Radio Interference Anomaly,High,RULE-002,"SINR is -2.0 dB, which is below the acceptable threshold of 0 dB, indicating severe interference and degraded radio quality."
79,1125900000000000.0,108053Byte/s,0,EGO,LTE,Valid,AvailableService,Normal,100000000,00E0FC-B535-235a-64YUT24208000010,DL:20000 UL:20000,45212.0,,37,CS_PS_Capable,-104.0,1.0,-86.0,-10.0,LTE,22-06-2026 13:33,Zain Iraq,41820,LTE,3.0,18150.0,17200.0,108569355.0,259.0,,22-06-2026 13:33,No Anomaly,None,-,All measured radio parameters satisfy the configured telecom thresholds. No abnormal network behaviour was detected.
80,1125900000000000.0,178755Byte/s,0,EGO,LTE,Valid,AvailableService,Normal,100000000,00E0FC-B535-235a-64YUT24202006607,DL:20000 UL:20000,45023.0,,71,CS_PS_Capable,-70.0,4.0,-53.0,-9.0,LTE,22-06-2026 13:33,Zain Iraq,41820,LTE,3.0,18150.0,17200.0,110826510.0,51.0,,22-06-2026 13:33,Radio Noise Anomaly,Medium,RULE-004,"RSSI is -53.0 dBm, which exceeds the acceptable threshold of -55 dBm, suggesting excessive radio interference."
81,1125900000000000.0,46069Byte/s,0,EGO,LTE,Valid,AvailableService,Normal,100000000,00E0FC-B320-323-BPG7S24204006144,DL:20000 UL:20000,21300.0,,40,CS_PS_Capable,-101.0,12.0,-73.0,-6.0,LTE,22-06-2026 13:33,Zain Iraq,41820,LTE,41.0,26250.0,26250.0,111920691.0,287.0,,22-06-2026 13:33,No Anomaly,None,-,All measured radio parameters satisfy the configured telecom thresholds. No abnormal network behaviour was detected.
82,1125900000000000.0,93602Byte/s,0,EGO,LTE,Valid,AvailableService,Normal,100000000,00E0FC-E5586-326-2TS9K24C04002818,DL:20000 UL:20000,31901.0,,33,CS_PS_Capable,-109.0,-4.0,-74.0,-13.5,LTE,22-06-2026 13:33,Zain Iraq,41820,LTE,1.0,21600.0,19700.0,110643991.0,335.0,,22-06-2026 13:33,Radio Interference Anomaly,High,RULE-002,"SINR is -4.0 dB, which is below the acceptable threshold of 0 dB, indicating severe interference and degraded radio quality."
83,1125900000000000.0,340137Byte/s,0,EGO,LTE,Valid,AvailableService,Normal,100000000,00E0FC-B535-235a-64YUT25925004107,DL:20000 UL:20000,31303.0,,48,CS_PS_Capable,-93.0,-2.0,-60.0,-13.0,LTE,22-06-2026 13:33,Zain Iraq,41820,LTE,1.0,21600.0,19700.0,110627350.0,371.0,,22-06-2026 13:33,Radio Interference Anomaly,High,RULE-002,"SINR is -2.0 dB, which is below the acceptable threshold of 0 dB, indicating severe interference and degraded radio quality."
84,1125900000000000.0,167510Byte/s,0,EGO,LTE,Valid,AvailableService,Normal,100000000,00E0FC-B320-323-BPG7S24117004636,DL:20000 UL:20000,45025.0,,62,CS_PS_Capable,-79.0,5.0,-42.0,-13.5,LTE,22-06-2026 13:33,Zain Iraq,41820,LTE,3.0,18150.0,17200.0,112338188.0,36.0,,22-06-2026 13:33,Radio Noise Anomaly,Medium,RULE-004,"RSSI is -42.0 dBm, which exceeds the acceptable threshold of -55 dBm, suggesting excessive radio interference."
85,1125900000000000.0,205916Byte/s,0,EGO,LTE,Valid,AvailableService,Normal,100000000,00E0FC-B535-235a-64YUT24208003215,DL:20000 UL:20000,21901.0,,36,CS_PS_Capable,-105.0,3.0,-84.0,-13.0,LTE,22-06-2026 13:33,Zain Iraq,41820,LTE,3.0,18150.0,17200.0,110670349.0,253.0,,22-06-2026 13:33,No Anomaly,None,-,All measured radio parameters satisfy the configured telecom thresholds. No abnormal network behaviour was detected.
86,1125900000000000.0,793882Byte/s,0,EGO,LTE,Valid,AvailableService,Normal,100000000,00E0FC-B535-235a-64YUT24208000862,DL:20000 UL:20000,41321.0,,64,CS_PS_Capable,-77.0,17.0,-46.0,-10.0,LTE,22-06-2026 13:33,Zain Iraq,41820,LTE,1.0,21600.0,19700.0,112152341.0,4.0,,22-06-2026 13:33,Radio Noise Anomaly,Medium,RULE-004,"RSSI is -46.0 dBm, which exceeds the acceptable threshold of -55 dBm, suggesting excessive radio interference."
87,1125900000000000.0,159585Byte/s,0,EGO,LTE,Valid,AvailableService,Normal,100000000,00E0FC-B535-235a-64YUT23B28014241,DL:20000 UL:20000,21301.0,,49,CS_PS_Capable,-92.0,2.0,-62.0,-10.0,LTE,22-06-2026 13:33,Zain Iraq,41820,LTE,1.0,21600.0,19700.0,112133910.0,494.0,,22-06-2026 13:33,No Anomaly,None,-,All measured radio parameters satisfy the configured telecom thresholds. No abnormal network behaviour was detected.
88,1125900000000000.0,146241Byte/s,0,EGO,LTE,Valid,AvailableService,Normal,100000000,00E0FC-B320-323-BPG7S24127011338,DL:20000 UL:20000,11301.0,,53,CS_PS_Capable,-88.0,10.0,-59.0,-7.0,LTE,22-06-2026 13:33,Zain Iraq,41820,LTE,3.0,18150.0,17200.0,112604940.0,75.0,,22-06-2026 13:33,No Anomaly,None,-,All measured radio parameters satisfy the configured telecom thresholds. No abnormal network behaviour was detected.
89,1125900000000000.0,176469Byte/s,0,EGO,LTE,Valid,AvailableService,Normal,100000000,00E0FC-B320-323-BPG7S24127010107,DL:15000 UL:15000,41922.0,,38,CS_PS_Capable,-103.0,4.0,-88.0,-7.0,LTE,22-06-2026 13:33,Zain Iraq,41820,LTE,1.0,21625.0,19725.0,103008789.0,414.0,,22-06-2026 13:33,No Anomaly,None,-,All measured radio parameters satisfy the configured telecom thresholds. No abnormal network behaviour was detected.
90,1125900000000000.0,94 KB/s,0,EGO,LTE,Valid,AvailableService,Normal,11 MB/s,00E0FC-E5783-230b-4HJ7S25910000857,DL:20000 UL:20000,21305.0,,49,CS_PS_Capable,-92.0,15.0,-65.0,-7.0,LTE,22-06-2026 13:33,Zain Iraq,41820,LTE,1.0,21600.0,19700.0,110491414.0,26.0,,22-06-2026 13:33,No Anomaly,None,-,All measured radio parameters satisfy the configured telecom thresholds. No abnormal network behaviour was detected.
91,1125900000000000.0,82977Byte/s,0,EGO,LTE,Valid,AvailableService,Normal,100000000,00E0FC-B535-235a-64YUT23B28012318,DL:20000 UL:20000,31908.0,,32,CS_PS_Capable,-109.0,6.0,-82.0,-7.0,LTE,22-06-2026 13:33,Zain Iraq,41820,LTE,1.0,21600.0,19700.0,110600470.0,408.0,,22-06-2026 13:33,No Anomaly,None,-,All measured radio parameters satisfy the configured telecom thresholds. No abnormal network behaviour was detected.
92,1125900000000000.0,930655Byte/s,0,EGO,LTE,Valid,AvailableService,Normal,100000000,00E0FC-B535-235a-64YUT25925004562,DL:20000 UL:20000,41322.0,,43,CS_PS_Capable,-98.0,2.0,-65.0,-12.0,LTE,22-06-2026 13:33,Zain Iraq,41820,LTE,3.0,18150.0,17200.0,110912011.0,23.0,,22-06-2026 13:33,No Anomaly,None,-,All measured radio parameters satisfy the configured telecom thresholds. No abnormal network behaviour was detected.
93,1125900000000000.0,183101Byte/s,0,EGO,LTE,Valid,AvailableService,Normal,100000000,00E0FC-E5586-326-2TS9K24C04003199,DL:20000 UL:20000,31300.0,,55,CS_PS_Capable,-85.0,-7.0,-48.0,-16.0,LTE,22-06-2026 13:33,Zain Iraq,41820,LTE,3.0,18150.0,17200.0,110639629.0,194.0,,22-06-2026 13:33,Critical Radio Signal Anomaly,High,"RULE-002, RULE-003, RULE-004","Multiple telecom rules were triggered simultaneously. SINR is -7.0 dB, which is below the acceptable threshold of 0 dB, indicating severe interference and degraded radio quality. RSRQ is -16.0 dB, which is below the acceptable threshold of -15 dB, indicating poor signal quality. RSSI is -48.0 dBm, which exceeds the acceptable threshold of -55 dBm, suggesting excessive radio interference."
94,1125900000000000.0,235298Byte/s,0,EGO,LTE,Valid,AvailableService,Normal,100000000,00E0FC-B535-235a-64YUT23B28010450,DL:20000 UL:20000,31908.0,,51,CS_PS_Capable,-90.0,-2.0,-71.0,-11.0,LTE,22-06-2026 13:33,Zain Iraq,41820,LTE,3.0,18150.0,17200.0,110578956.0,80.0,,22-06-2026 13:33,Radio Interference Anomaly,High,RULE-002,"SINR is -2.0 dB, which is below the acceptable threshold of 0 dB, indicating severe interference and degraded radio quality."
95,1125900000000000.0,1569580Byte/s,0,EGO,LTE,Valid,AvailableService,Normal,100000000,00E0FC-B320-323-BPG7S24113008696,DL:20000 UL:20000,41903.0,,66,CS_PS_Capable,-75.0,29.0,-45.0,-8.0,LTE,22-06-2026 13:33,Zain Iraq,41820,LTE,41.0,26050.0,26050.0,110426923.0,50.0,,22-06-2026 13:33,Radio Noise Anomaly,Medium,RULE-004,"RSSI is -45.0 dBm, which exceeds the acceptable threshold of -55 dBm, suggesting excessive radio interference."
96,1125900000000000.0,74797Byte/s,0,EGO,LTE,Valid,AvailableService,Normal,100000000,00E0FC-B535-235a-64YUT24202005141,DL:20000 UL:20000,31908.0,,84,CS_PS_Capable,-56.0,8.0,-38.0,-9.0,LTE,22-06-2026 13:33,Zain Iraq,41820,LTE,3.0,18150.0,17200.0,110486285.0,323.0,,22-06-2026 13:33,Radio Noise Anomaly,Medium,RULE-004,"RSSI is -38.0 dBm, which exceeds the acceptable threshold of -55 dBm, suggesting excessive radio interference."
97,1125900000000000.0,155529Byte/s,0,EGO,LTE,Valid,AvailableService,Normal,100000000,00E0FC-E5586-326-2TS9K24C04010458,DL:20000 UL:20000,21301.0,,60,CS_PS_Capable,-81.0,18.0,-62.0,-9.0,LTE,22-06-2026 13:33,Zain Iraq,41820,LTE,3.0,18150.0,17200.0,110508043.0,180.0,,22-06-2026 13:33,No Anomaly,None,-,All measured radio parameters satisfy the configured telecom thresholds. No abnormal network behaviour was detected.
98,1125900000000000.0,372639Byte/s,0,EGO,LTE,Valid,AvailableService,Normal,100000000,00E0FC-B320-323-BPG7S24127007540,DL:20000 UL:20000,41901.0,,45,CS_PS_Capable,-94.0,9.0,-64.0,-9.5,LTE,22-06-2026 13:33,Zain Iraq,41820,LTE,41.0,26250.0,26250.0,110473268.0,50.0,,22-06-2026 13:33,No Anomaly,None,-,All measured radio parameters satisfy the configured telecom thresholds. No abnormal network behaviour was detected.
99,1125900000000000.0,108140Byte/s,0,EGO,LTE,Valid,AvailableService,Normal,100000000,00E0FC-B320-323-BPG7S25213007766,DL:20000 UL:20000,45023.0,,54,CS_PS_Capable,-87.0,15.0,-59.0,-6.5,LTE,22-06-2026 13:33,Zain Iraq,41820,LTE,41.0,26600.0,26600.0,110166836.0,28.0,,22-06-2026 13:33,No Anomaly,None,-,All measured radio parameters satisfy the configured telecom thresholds. No abnormal network behaviour was detected.
